[{"model": "cursos.curso", "pk": 1, "fields": {"nombre": "Introducción a la Lengua Mapuche", "desc_corta": "Aprende vocabulario básico y expresiones clave mientras te sumerges en una lengua viva llena de historia y tradición.", "desc_larga": "En este curso aprenderás los sonidos y pronunciaciones del mapudungun, palabras y frases esenciales para expresarte en contextos básicos y aspectos culturales del pueblo mapuche y cómo se relacionan con su lengua. También contarás con herramientas interactivas para practicar y reforzar tus conocimientos.\r\n\r\nEstá dirigido a quienes desean iniciarse en el aprendizaje del mapudungun sin necesidad de conocimientos previos. Es ideal para amantes de las lenguas, docentes, investigadores o cualquiera interesado en conectar con la riqueza cultural mapuche.\r\n\r\nA través de actividades prácticas, videos interactivos y ejercicios dinámicos, te sumergirás en el idioma de manera entretenida y efectiva. Además, tendrás acceso a recursos adicionales para explorar la cultura y tradición mapuche desde una perspectiva inclusiva y respetuosa.\r\n\r\nÚnete y empieza tu viaje hacia el mundo del mapudungun hoy mismo.", "imagen_portada": "c1.png", "link_trailer": "https://www.creactivaanimaciones.cl/static/video/c1_trailer.mp4", "xml_trailer": "c1_trailer_config.xml", "js_trailer": "config_xml_c1_trailer.js", "etiquetas": 1, "idiomas": 1, "autores": [1, 2]}}, {"model": "cursos.curso", "pk": 2, "fields": {"nombre": "Cultura Mapuche", "desc_corta": "Conoce las tradiciones, creencias y formas de vida de uno de los pueblos originarios más emblemáticos de Sudamérica.", "desc_larga": "En este curso descubrirás los pilares de la cosmovisión mapuche, su relación con la naturaleza, las festividades más importantes y las historias que han pasado de generación en generación. También explorarás las expresiones artísticas, como la música, la artesanía y la oralidad, que dan vida a esta cultura única.\r\n\r\nEstá diseñado para personas interesadas en conocer y valorar el legado del pueblo mapuche desde una perspectiva respetuosa e inclusiva. Es ideal para educadores, investigadores, amantes de las culturas originarias y quienes deseen ampliar su comprensión de la diversidad cultural.\r\n\r\nA través de contenidos interactivos, recursos audiovisuales y actividades prácticas, te acercarás al mundo mapuche de manera entretenida y reflexiva. Este curso te permitirá entender su riqueza cultural y su relevancia en el contexto actual.\r\n\r\nÚnete y descubre la profundidad y belleza de la cultura mapuche.", "imagen_portada": "c2.png", "link_trailer": "https://www.creactivaanimaciones.cl/static/video/c1_trailer.mp4", "xml_trailer": "c1_trailer_config.xml", "js_trailer": "config_xml_c1_trailer.js", "etiquetas": 1, "idiomas": 1, "autores": [1]}}, {"model": "cursos.capitulo", "pk": 1, "fields": {"numero": 1, "nombre": "El mapuzungún", "duracion": 60, "desc_corta": "Aprende vocabulario básico y expresiones clave mientras te sumerges en una lengua viva llena de historia y tradición.", "descripcion": "En este curso aprenderás los sonidos y pronunciaciones del mapudungun, palabras y frases esenciales para expresarte en contextos básicos y aspectos culturales del pueblo mapuche y cómo se relacionan con su lengua. También contarás con herramientas interactivas para practicar y reforzar tus conocimientos.\r\n\r\nEstá dirigido a quienes desean iniciarse en el aprendizaje del mapudungun sin necesidad de conocimientos previos. Es ideal para amantes de las lenguas, docentes, investigadores o cualquiera interesado en conectar con la riqueza cultural mapuche.\r\n\r\nA través de actividades prácticas, videos interactivos y ejercicios dinámicos, te sumergirás en el idioma de manera entretenida y efectiva. Además, tendrás acceso a recursos adicionales para explorar la cultura y tradición mapuche desde una perspectiva inclusiva y respetuosa.\r\n\r\nÚnete y empieza tu viaje hacia el mundo del mapudungun hoy mismo.", "num_actividades": 2, "link": "http://www.creactivaanimaciones.cl/static/video/c1_1.mp4", "xml_cap": "c1_1_config.xml", "js_cap": "config_xml_c1_1.js", "thumbnail": "c1e1_Thumbnails.png", "first_frame": "c1_1.png", "contenidos": ["Origen del Mapuzungun", "Grafemarios: ¿Cómo escribimos el Mapuzungun?", "Sonidos de Letras mapuche"], "material": null, "curso": 1}}, {"model": "cursos.capitulo", "pk": 2, "fields": {"numero": 2, "nombre": "Pronombres", "duracion": 60, "desc_corta": "Aprende vocabulario básico y expresiones clave mientras te sumerges en una lengua viva llena de historia y tradición.", "descripcion": "En este curso aprenderás los sonidos y pronunciaciones del mapudungun, palabras y frases esenciales para expresarte en contextos básicos y aspectos culturales del pueblo mapuche y cómo se relacionan con su lengua. También contarás con herramientas interactivas para practicar y reforzar tus conocimientos.\r\n\r\nEstá dirigido a quienes desean iniciarse en el aprendizaje del mapudungun sin necesidad de conocimientos previos. Es ideal para amantes de las lenguas, docentes, investigadores o cualquiera interesado en conectar con la riqueza cultural mapuche.\r\n\r\nA través de actividades prácticas, videos interactivos y ejercicios dinámicos, te sumergirás en el idioma de manera entretenida y efectiva. Además, tendrás acceso a recursos adicionales para explorar la cultura y tradición mapuche desde una perspectiva inclusiva y respetuosa.\r\n\r\nÚnete y empieza tu viaje hacia el mundo del mapudungun hoy mismo.", "num_actividades": 3, "link": "http://www.creactivaanimaciones.cl/static/video/c1_2.mp4", "xml_cap": "c1_2_config.xml", "js_cap": "config_xml_c1_2.js", "thumbnail": "c1e1_Thumbnails.png", "first_frame": "c1_2.png", "contenidos": ["Antecedentes importantes", "Pronombres Personales", "Pronombres Posesivos"], "material": null, "curso": 1}}, {"model": "cursos.capitulo", "pk": 3, "fields": {"numero": 3, "nombre": "Acciones y números", "duracion": 60, "desc_corta": "Aprende vocabulario básico y expresiones clave mientras te sumerges en una lengua viva llena de historia y tradición.", "descripcion": "En este curso aprenderás los sonidos y pronunciaciones del mapudungun, palabras y frases esenciales para expresarte en contextos básicos y aspectos culturales del pueblo mapuche y cómo se relacionan con su lengua. También contarás con herramientas interactivas para practicar y reforzar tus conocimientos.\r\n\r\nEstá dirigido a quienes desean iniciarse en el aprendizaje del mapudungun sin necesidad de conocimientos previos. Es ideal para amantes de las lenguas, docentes, investigadores o cualquiera interesado en conectar con la riqueza cultural mapuche.\r\n\r\nA través de actividades prácticas, videos interactivos y ejercicios dinámicos, te sumergirás en el idioma de manera entretenida y efectiva. Además, tendrás acceso a recursos adicionales para explorar la cultura y tradición mapuche desde una perspectiva inclusiva y respetuosa.\r\n\r\nÚnete y empieza tu viaje hacia el mundo del mapudungun hoy mismo.", "num_actividades": 4, "link": "http://www.creactivaanimaciones.cl/static/video/c1_3.mp4", "xml_cap": "c1_3_config.xml", "js_cap": "config_xml_c1_3.js", "thumbnail": "c1e1_Thumbnails.png", "first_frame": "c1_3.png", "contenidos": ["Chumün: como expresar acciones y estados", "Reglas para expresar acciones y estados", "Ejemplos para expresar acciones o estados según cada pronombre personal", "Ejemplos para expresar estados en sustantivos", "Números y la manera de expresarlos"], "material": 2, "curso": 1}}, {"model": "cursos.capitulo", "pk": 5, "fields": {"numero": 4, "nombre": "Saludos y presentación", "duracion": 60, "desc_corta": "Aprende vocabulario básico y expresiones clave mientras te sumerges en una lengua viva llena de historia y tradición.", "descripcion": "En este curso aprenderás los sonidos y pronunciaciones del mapudungun, palabras y frases esenciales para expresarte en contextos básicos y aspectos culturales del pueblo mapuche y cómo se relacionan con su lengua. También contarás con herramientas interactivas para practicar y reforzar tus conocimientos.\r\n\r\nEstá dirigido a quienes desean iniciarse en el aprendizaje del mapudungun sin necesidad de conocimientos previos. Es ideal para amantes de las lenguas, docentes, investigadores o cualquiera interesado en conectar con la riqueza cultural mapuche.\r\n\r\nA través de actividades prácticas, videos interactivos y ejercicios dinámicos, te sumergirás en el idioma de manera entretenida y efectiva. Además, tendrás acceso a recursos adicionales para explorar la cultura y tradición mapuche desde una perspectiva inclusiva y respetuosa.\r\n\r\nÚnete y empieza tu viaje hacia el mundo del mapudungun hoy mismo.", "num_actividades": 3, "link": "http://www.creactivaanimaciones.cl/static/video/c1_4.mp4", "xml_cap": "c1_4_config.xml", "js_cap": "config_xml_c1_4.js", "thumbnail": "c1e1_Thumbnails.png", "first_frame": "c1_4.png", "contenidos": ["Chalin: Saludo", "Chalitun: Despedida", "Chalintukuwun: Presentación"], "material": 2, "curso": 1}}, {"model": "cursos.capitulo", "pk": 6, "fields": {"numero": 5, "nombre": "Conversación", "duracion": 60, "desc_corta": "Aprende vocabulario básico y expresiones clave mientras te sumerges en una lengua viva llena de historia y tradición.", "descripcion": "En este curso aprenderás los sonidos y pronunciaciones del mapudungun, palabras y frases esenciales para expresarte en contextos básicos y aspectos culturales del pueblo mapuche y cómo se relacionan con su lengua. También contarás con herramientas interactivas para practicar y reforzar tus conocimientos.\r\n\r\nEstá dirigido a quienes desean iniciarse en el aprendizaje del mapudungun sin necesidad de conocimientos previos. Es ideal para amantes de las lenguas, docentes, investigadores o cualquiera interesado en conectar con la riqueza cultural mapuche.\r\n\r\nA través de actividades prácticas, videos interactivos y ejercicios dinámicos, te sumergirás en el idioma de manera entretenida y efectiva. Además, tendrás acceso a recursos adicionales para explorar la cultura y tradición mapuche desde una perspectiva inclusiva y respetuosa.\r\n\r\nÚnete y empieza tu viaje hacia el mundo del mapudungun hoy mismo.", "num_actividades": 4, "link": "http://www.creactivaanimaciones.cl/static/video/c1_5.mp4", "xml_cap": "c1_5_config.xml", "js_cap": "config_xml_c1_5.js", "thumbnail": "c1e1_Thumbnails.png", "first_frame": "c1_5.png", "contenidos": ["Mütram: Conversación", "Ejemplos de diálogos mas comunes", "Glosario"], "material": 1, "curso": 1}}, {"model": "cursos.capitulo", "pk": 7, "fields": {"numero": 1, "nombre": "Roles", "duracion": 45, "desc_corta": "Conoce las tradiciones, creencias y formas de vida de uno de los pueblos originarios más emblemáticos de Sudamérica.", "descripcion": "Los sonidos y pronunciaciones del mapudungun.\r\nPalabras y frases esenciales para expresarte en contextos básicos.\r\nAspectos culturales del pueblo mapuche y cómo se relacionan con su lengua.\r\nHerramientas interactivas para practicar y reforzar tus conocimientos.\r\n\r\nEste curso está diseñado para quienes desean iniciarse en el aprendizaje del mapudungun, sin necesidad de conocimientos previos. Es perfecto para amantes de las lenguas, docentes, investigadores, o cualquiera interesado en conectar con la riqueza cultural mapuche.", "num_actividades": 5, "link": "http://www.creactivaanimaciones.cl/static/video/c1_1.mp4", "xml_cap": "c1_1_config.xml", "js_cap": "config_xml_c1_1.js", "thumbnail": "c1e1_Thumbnails.png", "first_frame": "c2_1.png", "contenidos": ["Origen del Mapuzungun", "Grafemarios: ¿Cómo escribimos el Mapuzungun?", "Sonidos de Letras"], "material": 1, "curso": 2}}, {"model": "cursos.capitulo", "pk": 8, "fields": {"numero": 2, "nombre": "Espiritualidad y Naturaleza", "duracion": 37, "desc_corta": "Conoce las tradiciones, creencias y formas de vida de uno de los pueblos originarios más emblemáticos de Sudamérica.", "descripcion": "Los sonidos y pronunciaciones del mapudungun.\r\nPalabras y frases esenciales para expresarte en contextos básicos.\r\nAspectos culturales del pueblo mapuche y cómo se relacionan con su lengua.\r\nHerramientas interactivas para practicar y reforzar tus conocimientos.\r\n\r\nEste curso está diseñado para quienes desean iniciarse en el aprendizaje del mapudungun, sin necesidad de conocimientos previos. Es perfecto para amantes de las lenguas, docentes, investigadores, o cualquiera interesado en conectar con la riqueza cultural mapuche.", "num_actividades": 5, "link": "http://www.creactivaanimaciones.cl/static/video/c1_1.mp4", "xml_cap": "c1_1_config.xml", "js_cap": "config_xml_c1_1.js", "thumbnail": "c1e1_Thumbnails.png", "first_frame": "c2_2.png", "contenidos": ["Origen del Mapuzungun", "Grafemarios: ¿Cómo escribimos el Mapuzungun?", "Sonidos de Letras"], "material": 1, "curso": 2}}, {"model": "cursos.capitulo", "pk": 9, "fields": {"numero": 3, "nombre": "Ceremonias", "duracion": 37, "desc_corta": "Conoce las tradiciones, creencias y formas de vida de uno de los pueblos originarios más emblemáticos de Sudamérica.", "descripcion": "Los sonidos y pronunciaciones del mapudungun.\r\nPalabras y frases esenciales para expresarte en contextos básicos.\r\nAspectos culturales del pueblo mapuche y cómo se relacionan con su lengua.\r\nHerramientas interactivas para practicar y reforzar tus conocimientos.\r\n\r\nEste curso está diseñado para quienes desean iniciarse en el aprendizaje del mapudungun, sin necesidad de conocimientos previos. Es perfecto para amantes de las lenguas, docentes, investigadores, o cualquiera interesado en conectar con la riqueza cultural mapuche.", "num_actividades": 6, "link": "http://www.creactivaanimaciones.cl/static/video/c1_1.mp4", "xml_cap": "c1_1_config.xml", "js_cap": "config_xml_c1_1.js", "thumbnail": "c1e1_Thumbnails.png", "first_frame": "c2_3.png", "contenidos": ["Origen del Mapuzungun", "Grafemarios: ¿Cómo escribimos el Mapuzungun?", "Sonidos de Letras"], "material": 1, "curso": 2}}, {"model": "cursos.capitulo", "pk": 11, "fields": {"numero": 4, "nombre": "Oralidad", "duracion": 52, "desc_corta": "Conoce las tradiciones, creencias y formas de vida de uno de los pueblos originarios más emblemáticos de Sudamérica.", "descripcion": "Los sonidos y pronunciaciones del mapudungun.\r\nPalabras y frases esenciales para expresarte en contextos básicos.\r\nAspectos culturales del pueblo mapuche y cómo se relacionan con su lengua.\r\nHerramientas interactivas para practicar y reforzar tus conocimientos.\r\n\r\nEste curso está diseñado para quienes desean iniciarse en el aprendizaje del mapudungun, sin necesidad de conocimientos previos. Es perfecto para amantes de las lenguas, docentes, investigadores, o cualquiera interesado en conectar con la riqueza cultural mapuche.", "num_actividades": 6, "link": "http://www.creactivaanimaciones.cl/static/video/c1_1.mp4", "xml_cap": "c1_1_config.xml", "js_cap": "config_xml_c1_1.js", "thumbnail": "c1e1_Thumbnails.png", "first_frame": "c2_4.png", "contenidos": ["Origen del Mapuzungun", "Grafemarios: ¿Cómo escribimos el Mapuzungun?", "Sonidos de Letras"], "material": null, "curso": 2}}, {"model": "cursos.capitulo", "pk": 12, "fields": {"numero": 5, "nombre": "Alimentos y Juegos Tradicionales", "duracion": 51, "desc_corta": "Conoce las tradiciones, creencias y formas de vida de uno de los pueblos originarios más emblemáticos de Sudamérica.", "descripcion": "Los sonidos y pronunciaciones del mapudungun.\r\nPalabras y frases esenciales para expresarte en contextos básicos.\r\nAspectos culturales del pueblo mapuche y cómo se relacionan con su lengua.\r\nHerramientas interactivas para practicar y reforzar tus conocimientos.\r\n\r\nEste curso está diseñado para quienes desean iniciarse en el aprendizaje del mapudungun, sin necesidad de conocimientos previos. Es perfecto para amantes de las lenguas, docentes, investigadores, o cualquiera interesado en conectar con la riqueza cultural mapuche.", "num_actividades": 10, "link": "http://www.creactivaanimaciones.cl/static/video/c1_1.mp4", "xml_cap": "c1_1_config.xml", "js_cap": "config_xml_c1_1.js", "thumbnail": "c1e1_Thumbnails.png", "first_frame": "c2_5.png", "contenidos": ["Origen del Mapuzungun", "Grafemarios: ¿Cómo escribimos el Mapuzungun?", "Sonidos de Letras"], "material": 1, "curso": 2}}, {"model": "main.perfil", "pk": 1, "fields": {"codigo": "000", "pais": null, "comuna": null, "nombre_organizacion": "Ninguno", "tipo_organizacion": null, "verificado": false, "user": 2}}, {"model": "main.perfil", "pk": 2, "fields": {"codigo": "000", "pais": null, "comuna": null, "nombre_organizacion": "Ninguno", "tipo_organizacion": "Cuenta individual", "verificado": false, "user": 20}}, {"model": "main.perfil", "pk": 3, "fields": {"codigo": "000", "pais": null, "comuna": null, "nombre_organizacion": "Ninguno", "tipo_organizacion": "Cuenta individual", "verificado": false, "user": 21}}, {"model": "main.perfil", "pk": 4, "fields": {"codigo": "000", "pais": null, "comuna": null, "nombre_organizacion": "Ninguno", "tipo_organizacion": "Cuenta individual", "verificado": false, "user": 25}}, {"model": "main.perfil", "pk": 5, "fields": {"codigo": "010", "pais": null, "comuna": null, "nombre_organizacion": "Ninguno", "tipo_organizacion": "Cuenta individual", "verificado": false, "user": 28}}, {"model": "main.perfil", "pk": 6, "fields": {"codigo": "111", "pais": null, "comuna": null, "nombre_organizacion": "Ninguno", "tipo_organizacion": null, "verificado": false, "user": 1}}, {"model": "main.perfil", "pk": 9, "fields": {"codigo": "100", "pais": null, "comuna": null, "nombre_organizacion": "Ninguno", "tipo_organizacion": "Cuenta individual", "verificado": false, "user": 42}}, {"model": "main.perfil", "pk": 10, "fields": {"codigo": "100", "pais": null, "comuna": null, "nombre_organizacion": "Ninguno", "tipo_organizacion": "Cuenta individual", "verificado": false, "user": 43}}, {"model": "main.perfil", "pk": 11, "fields": {"codigo": "100", "pais": null, "comuna": null, "nombre_organizacion": "Ninguno", "tipo_organizacion": "Cuenta individual", "verificado": false, "user": 44}}, {"model": "main.perfil", "pk": 13, "fields": {"codigo": "100", "pais": null, "comuna": null, "nombre_organizacion": "Ninguno", "tipo_organizacion": "Cuenta individual", "verificado": false, "user": 46}}, {"model": "main.perfil", "pk": 14, "fields": {"codigo": "100", "pais": null, "comuna": null, "nombre_organizacion": "Ninguno", "tipo_organizacion": "Cuenta individual", "verificado": false, "user": 47}}, {"model": "main.perfil", "pk": 15, "fields": {"codigo": "000", "pais": null, "comuna": null, "nombre_organizacion": "Ninguno", "tipo_organizacion": "Cuenta individual", "verificado": false, "user": 48}}, {"model": "main.perfil", "pk": 16, "fields": {"codigo": "000", "pais": null, "comuna": null, "nombre_organizacion": "Ninguno", "tipo_organizacion": "Cuenta individual", "verificado": false, "user": 49}}, {"model": "main.perfil", "pk": 17, "fields": {"codigo": "100", "pais": null, "comuna": null, "nombre_organizacion": "Ninguno", "tipo_organizacion": "Cuenta individual", "verificado": false, "user": 50}}, {"model": "auth.permission", "pk": 1, "fields": {"name": "Can add log entry", "content_type": 1, "codename": "add_logentry"}}, {"model": "auth.permission", "pk": 2, "fields": {"name": "Can change log entry", "content_type": 1, "codename": "change_logentry"}}, {"model": "auth.permission", "pk": 3, "fields": {"name": "Can delete log entry", "content_type": 1, "codename": "delete_logentry"}}, {"model": "auth.permission", "pk": 4, "fields": {"name": "Can view log entry", "content_type": 1, "codename": "view_logentry"}}, {"model": "auth.permission", "pk": 5, "fields": {"name": "Can add permission", "content_type": 2, "codename": "add_permission"}}, {"model": "auth.permission", "pk": 6, "fields": {"name": "Can change permission", "content_type": 2, "codename": "change_permission"}}, {"model": "auth.permission", "pk": 7, "fields": {"name": "Can delete permission", "content_type": 2, "codename": "delete_permission"}}, {"model": "auth.permission", "pk": 8, "fields": {"name": "Can view permission", "content_type": 2, "codename": "view_permission"}}, {"model": "auth.permission", "pk": 9, "fields": {"name": "Can add group", "content_type": 3, "codename": "add_group"}}, {"model": "auth.permission", "pk": 10, "fields": {"name": "Can change group", "content_type": 3, "codename": "change_group"}}, {"model": "auth.permission", "pk": 11, "fields": {"name": "Can delete group", "content_type": 3, "codename": "delete_group"}}, {"model": "auth.permission", "pk": 12, "fields": {"name": "Can view group", "content_type": 3, "codename": "view_group"}}, {"model": "auth.permission", "pk": 13, "fields": {"name": "Can add user", "content_type": 4, "codename": "add_user"}}, {"model": "auth.permission", "pk": 14, "fields": {"name": "Can change user", "content_type": 4, "codename": "change_user"}}, {"model": "auth.permission", "pk": 15, "fields": {"name": "Can delete user", "content_type": 4, "codename": "delete_user"}}, {"model": "auth.permission", "pk": 16, "fields": {"name": "Can view user", "content_type": 4, "codename": "view_user"}}, {"model": "auth.permission", "pk": 17, "fields": {"name": "Can add content type", "content_type": 5, "codename": "add_contenttype"}}, {"model": "auth.permission", "pk": 18, "fields": {"name": "Can change content type", "content_type": 5, "codename": "change_contenttype"}}, {"model": "auth.permission", "pk": 19, "fields": {"name": "Can delete content type", "content_type": 5, "codename": "delete_contenttype"}}, {"model": "auth.permission", "pk": 20, "fields": {"name": "Can view content type", "content_type": 5, "codename": "view_contenttype"}}, {"model": "auth.permission", "pk": 21, "fields": {"name": "Can add session", "content_type": 6, "codename": "add_session"}}, {"model": "auth.permission", "pk": 22, "fields": {"name": "Can change session", "content_type": 6, "codename": "change_session"}}, {"model": "auth.permission", "pk": 23, "fields": {"name": "Can delete session", "content_type": 6, "codename": "delete_session"}}, {"model": "auth.permission", "pk": 24, "fields": {"name": "Can view session", "content_type": 6, "codename": "view_session"}}, {"model": "auth.permission", "pk": 25, "fields": {"name": "Can add perfil", "content_type": 7, "codename": "add_perfil"}}, {"model": "auth.permission", "pk": 26, "fields": {"name": "Can change perfil", "content_type": 7, "codename": "change_perfil"}}, {"model": "auth.permission", "pk": 27, "fields": {"name": "Can delete perfil", "content_type": 7, "codename": "delete_perfil"}}, {"model": "auth.permission", "pk": 28, "fields": {"name": "Can view perfil", "content_type": 7, "codename": "view_perfil"}}, {"model": "auth.permission", "pk": 29, "fields": {"name": "Can add etiqueta", "content_type": 8, "codename": "add_etiqueta"}}, {"model": "auth.permission", "pk": 30, "fields": {"name": "Can change etiqueta", "content_type": 8, "codename": "change_etiqueta"}}, {"model": "auth.permission", "pk": 31, "fields": {"name": "Can delete etiqueta", "content_type": 8, "codename": "delete_etiqueta"}}, {"model": "auth.permission", "pk": 32, "fields": {"name": "Can view etiqueta", "content_type": 8, "codename": "view_etiqueta"}}, {"model": "auth.permission", "pk": 33, "fields": {"name": "Can add idioma", "content_type": 9, "codename": "add_idioma"}}, {"model": "auth.permission", "pk": 34, "fields": {"name": "Can change idioma", "content_type": 9, "codename": "change_idioma"}}, {"model": "auth.permission", "pk": 35, "fields": {"name": "Can delete idioma", "content_type": 9, "codename": "delete_idioma"}}, {"model": "auth.permission", "pk": 36, "fields": {"name": "Can view idioma", "content_type": 9, "codename": "view_idioma"}}, {"model": "auth.permission", "pk": 37, "fields": {"name": "Can add materiales complementario", "content_type": 10, "codename": "add_materialescomplementario"}}, {"model": "auth.permission", "pk": 38, "fields": {"name": "Can change materiales complementario", "content_type": 10, "codename": "change_materialescomplementario"}}, {"model": "auth.permission", "pk": 39, "fields": {"name": "Can delete materiales complementario", "content_type": 10, "codename": "delete_materialescomplementario"}}, {"model": "auth.permission", "pk": 40, "fields": {"name": "Can view materiales complementario", "content_type": 10, "codename": "view_materialescomplementario"}}, {"model": "auth.permission", "pk": 41, "fields": {"name": "Can add capitulo", "content_type": 11, "codename": "add_capitulo"}}, {"model": "auth.permission", "pk": 42, "fields": {"name": "Can change capitulo", "content_type": 11, "codename": "change_capitulo"}}, {"model": "auth.permission", "pk": 43, "fields": {"name": "Can delete capitulo", "content_type": 11, "codename": "delete_capitulo"}}, {"model": "auth.permission", "pk": 44, "fields": {"name": "Can view capitulo", "content_type": 11, "codename": "view_capitulo"}}, {"model": "auth.permission", "pk": 45, "fields": {"name": "Can add autor", "content_type": 12, "codename": "add_autor"}}, {"model": "auth.permission", "pk": 46, "fields": {"name": "Can change autor", "content_type": 12, "codename": "change_autor"}}, {"model": "auth.permission", "pk": 47, "fields": {"name": "Can delete autor", "content_type": 12, "codename": "delete_autor"}}, {"model": "auth.permission", "pk": 48, "fields": {"name": "Can view autor", "content_type": 12, "codename": "view_autor"}}, {"model": "auth.permission", "pk": 49, "fields": {"name": "Can add curso", "content_type": 13, "codename": "add_curso"}}, {"model": "auth.permission", "pk": 50, "fields": {"name": "Can change curso", "content_type": 13, "codename": "change_curso"}}, {"model": "auth.permission", "pk": 51, "fields": {"name": "Can delete curso", "content_type": 13, "codename": "delete_curso"}}, {"model": "auth.permission", "pk": 52, "fields": {"name": "Can view curso", "content_type": 13, "codename": "view_curso"}}, {"model": "auth.permission", "pk": 53, "fields": {"name": "Can add estado capitulo", "content_type": 14, "codename": "add_estadocapitulo"}}, {"model": "auth.permission", "pk": 54, "fields": {"name": "Can change estado capitulo", "content_type": 14, "codename": "change_estadocapitulo"}}, {"model": "auth.permission", "pk": 55, "fields": {"name": "Can delete estado capitulo", "content_type": 14, "codename": "delete_estadocapitulo"}}, {"model": "auth.permission", "pk": 56, "fields": {"name": "Can view estado capitulo", "content_type": 14, "codename": "view_estadocapitulo"}}, {"model": "auth.permission", "pk": 57, "fields": {"name": "Can add visualizacion", "content_type": 15, "codename": "add_visualizacion"}}, {"model": "auth.permission", "pk": 58, "fields": {"name": "Can change visualizacion", "content_type": 15, "codename": "change_visualizacion"}}, {"model": "auth.permission", "pk": 59, "fields": {"name": "Can delete visualizacion", "content_type": 15, "codename": "delete_visualizacion"}}, {"model": "auth.permission", "pk": 60, "fields": {"name": "Can view visualizacion", "content_type": 15, "codename": "view_visualizacion"}}, {"model": "auth.permission", "pk": 61, "fields": {"name": "Can add suscripcion", "content_type": 16, "codename": "add_suscripcion"}}, {"model": "auth.permission", "pk": 62, "fields": {"name": "Can change suscripcion", "content_type": 16, "codename": "change_suscripcion"}}, {"model": "auth.permission", "pk": 63, "fields": {"name": "Can delete suscripcion", "content_type": 16, "codename": "delete_suscripcion"}}, {"model": "auth.permission", "pk": 64, "fields": {"name": "Can view suscripcion", "content_type": 16, "codename": "view_suscripcion"}}, {"model": "auth.permission", "pk": 65, "fields": {"name": "Can add cursos suscripcion", "content_type": 17, "codename": "add_cursossuscripcion"}}, {"model": "auth.permission", "pk": 66, "fields": {"name": "Can change cursos suscripcion", "content_type": 17, "codename": "change_cursossuscripcion"}}, {"model": "auth.permission", "pk": 67, "fields": {"name": "Can delete cursos suscripcion", "content_type": 17, "codename": "delete_cursossuscripcion"}}, {"model": "auth.permission", "pk": 68, "fields": {"name": "Can view cursos suscripcion", "content_type": 17, "codename": "view_cursossuscripcion"}}, {"model": "auth.permission", "pk": 69, "fields": {"name": "Can add perfil suscripcion", "content_type": 18, "codename": "add_perfilsuscripcion"}}, {"model": "auth.permission", "pk": 70, "fields": {"name": "Can change perfil suscripcion", "content_type": 18, "codename": "change_perfilsuscripcion"}}, {"model": "auth.permission", "pk": 71, "fields": {"name": "Can delete perfil suscripcion", "content_type": 18, "codename": "delete_perfilsuscripcion"}}, {"model": "auth.permission", "pk": 72, "fields": {"name": "Can view perfil suscripcion", "content_type": 18, "codename": "view_perfilsuscripcion"}}, {"model": "auth.permission", "pk": 73, "fields": {"name": "Can add contacto", "content_type": 19, "codename": "add_contacto"}}, {"model": "auth.permission", "pk": 74, "fields": {"name": "Can change contacto", "content_type": 19, "codename": "change_contacto"}}, {"model": "auth.permission", "pk": 75, "fields": {"name": "Can delete contacto", "content_type": 19, "codename": "delete_contacto"}}, {"model": "auth.permission", "pk": 76, "fields": {"name": "Can view contacto", "content_type": 19, "codename": "view_contacto"}}, {"model": "auth.permission", "pk": 77, "fields": {"name": "Can add solicitud organizacion", "content_type": 20, "codename": "add_solicitudorganizacion"}}, {"model": "auth.permission", "pk": 78, "fields": {"name": "Can change solicitud organizacion", "content_type": 20, "codename": "change_solicitudorganizacion"}}, {"model": "auth.permission", "pk": 79, "fields": {"name": "Can delete solicitud organizacion", "content_type": 20, "codename": "delete_solicitudorganizacion"}}, {"model": "auth.permission", "pk": 80, "fields": {"name": "Can view solicitud organizacion", "content_type": 20, "codename": "view_solicitudorganizacion"}}, {"model": "auth.permission", "pk": 81, "fields": {"name": "Can add planes", "content_type": 21, "codename": "add_planes"}}, {"model": "auth.permission", "pk": 82, "fields": {"name": "Can change planes", "content_type": 21, "codename": "change_planes"}}, {"model": "auth.permission", "pk": 83, "fields": {"name": "Can delete planes", "content_type": 21, "codename": "delete_planes"}}, {"model": "auth.permission", "pk": 84, "fields": {"name": "Can view planes", "content_type": 21, "codename": "view_planes"}}, {"model": "auth.permission", "pk": 85, "fields": {"name": "Can add task result", "content_type": 22, "codename": "add_taskresult"}}, {"model": "auth.permission", "pk": 86, "fields": {"name": "Can change task result", "content_type": 22, "codename": "change_taskresult"}}, {"model": "auth.permission", "pk": 87, "fields": {"name": "Can delete task result", "content_type": 22, "codename": "delete_taskresult"}}, {"model": "auth.permission", "pk": 88, "fields": {"name": "Can view task result", "content_type": 22, "codename": "view_taskresult"}}, {"model": "auth.permission", "pk": 89, "fields": {"name": "Can add chord counter", "content_type": 23, "codename": "add_chordcounter"}}, {"model": "auth.permission", "pk": 90, "fields": {"name": "Can change chord counter", "content_type": 23, "codename": "change_chordcounter"}}, {"model": "auth.permission", "pk": 91, "fields": {"name": "Can delete chord counter", "content_type": 23, "codename": "delete_chordcounter"}}, {"model": "auth.permission", "pk": 92, "fields": {"name": "Can view chord counter", "content_type": 23, "codename": "view_chordcounter"}}, {"model": "auth.permission", "pk": 93, "fields": {"name": "Can add group result", "content_type": 24, "codename": "add_groupresult"}}, {"model": "auth.permission", "pk": 94, "fields": {"name": "Can change group result", "content_type": 24, "codename": "change_groupresult"}}, {"model": "auth.permission", "pk": 95, "fields": {"name": "Can delete group result", "content_type": 24, "codename": "delete_groupresult"}}, {"model": "auth.permission", "pk": 96, "fields": {"name": "Can view group result", "content_type": 24, "codename": "view_groupresult"}}, {"model": "auth.user", "pk": 1, "fields": {"password": "pbkdf2_sha256$870000$TckrmV3D1acCdV0kGezPdT$yjoQoMCi1C1C8j6limFUwYR7cHNPq2ALDHQXeGGwxPU=", "last_login": "2025-02-15T16:26:03.336Z", "is_superuser": true, "username": "admin", "first_name": "Administrador", "last_name": "Creactiva", "email": "admin@admin.cl", "is_staff": true, "is_active": true, "date_joined": "2024-12-07T23:05:55Z", "groups": [], "user_permissions": []}}, {"model": "auth.user", "pk": 2, "fields": {"password": "pbkdf2_sha256$870000$jo7mZGoH4a4DxiaMMhbEEF$CeMXE6oxf6waMWjLAOAblgOTLGZmm9F59r52AUHTOUI=", "last_login": "2025-02-14T22:33:37.289Z", "is_superuser": false, "username": "javier@creactiva.cl", "first_name": "Javier", "last_name": "Vargas", "email": "javier@creactiva.cl", "is_staff": false, "is_active": true, "date_joined": "2024-12-19T21:18:27.217Z", "groups": [], "user_permissions": []}}, {"model": "auth.user", "pk": 4, "fields": {"password": "pbkdf2_sha256$870000$gctk1QPHezXZAlAncnspDO$rKtYGH9jzQfeYLUUHpdAKgRs/EXKwG7LH0FJcficA2o=", "last_login": null, "is_superuser": false, "username": "patricia@creactiva.cl", "first_name": "Patricia", "last_name": "Fuentes", "email": "patricia@creactiva.cl", "is_staff": false, "is_active": true, "date_joined": "2024-12-28T20:02:29.662Z", "groups": [], "user_permissions": []}}, {"model": "auth.user", "pk": 11, "fields": {"password": "pbkdf2_sha256$870000$nmeD8Nc8ZMDBFbji1IOBX1$3dJIKg3JhtXjYtd2/0hmDAeBs6tr/LEKG3IEeGpnCng=", "last_login": null, "is_superuser": false, "username": "jota@jota.cl", "first_name": "jota", "last_name": "jota", "email": "jota@jota.cl", "is_staff": false, "is_active": true, "date_joined": "2024-12-28T20:51:42.197Z", "groups": [], "user_permissions": []}}, {"model": "auth.user", "pk": 12, "fields": {"password": "pbkdf2_sha256$870000$x4lwznFnJa8UoML5hm50o1$oDv4acSlWSIVaRobIuJ43roD5brsIbq2H56JfbUwZHM=", "last_login": "2024-12-29T23:01:57.816Z", "is_superuser": false, "username": "javier@javier.cl", "first_name": "Javier", "last_name": "Javier", "email": "javier@javier.cl", "is_staff": false, "is_active": true, "date_joined": "2024-12-29T23:01:36.305Z", "groups": [], "user_permissions": []}}, {"model": "auth.user", "pk": 13, "fields": {"password": "pbkdf2_sha256$870000$xoPjrrwGK6Gu65ryMznZRp$kz2ClE+ftq0pP4nk3zaWdC9dSzlbPZ/VyoT526WnZIg=", "last_login": null, "is_superuser": false, "username": "jota@usuario.cl", "first_name": "JOta", "last_name": "Jota", "email": "jota@usuario.cl", "is_staff": false, "is_active": true, "date_joined": "2024-12-30T03:24:26.791Z", "groups": [], "user_permissions": []}}, {"model": "auth.user", "pk": 14, "fields": {"password": "pbkdf2_sha256$870000$XW408p4ZabNni5LdTRj9DX$qE4t1aNItywxaWq1h8u/Eb4BSpoizqnP2Rh3IZtBj9A=", "last_login": null, "is_superuser": false, "username": "jota@jotajota.cl", "first_name": "jota", "last_name": "jota", "email": "jota@jotajota.cl", "is_staff": false, "is_active": true, "date_joined": "2024-12-30T03:24:57.629Z", "groups": [], "user_permissions": []}}, {"model": "auth.user", "pk": 15, "fields": {"password": "pbkdf2_sha256$870000$2KvBwNbUbWOymVoyHfCrlx$+aqlCGa5ttZuU+OMcxhQHgvhle9eLd8XcCTCs807BDU=", "last_login": null, "is_superuser": false, "username": "a@a.cl", "first_name": "a", "last_name": "a", "email": "a@a.cl", "is_staff": false, "is_active": true, "date_joined": "2024-12-30T03:31:00.090Z", "groups": [], "user_permissions": []}}, {"model": "auth.user", "pk": 16, "fields": {"password": "pbkdf2_sha256$870000$AXsD1eFzb6Qm2MNttwZ9Qs$JAy+A7R7WvLpZFfz20b2Ve7dI/W1WtbAnTtz6BvFpoc=", "last_login": null, "is_superuser": false, "username": "b@b.cl", "first_name": "b", "last_name": "b", "email": "b@b.cl", "is_staff": false, "is_active": true, "date_joined": "2024-12-30T03:36:31.963Z", "groups": [], "user_permissions": []}}, {"model": "auth.user", "pk": 17, "fields": {"password": "pbkdf2_sha256$870000$t74R5CRPTPlscgwvZmY9YH$W9JOgKhjHxvMatTvmUcpIp1Q4YNWNRjWbWnKUnxQMWc=", "last_login": null, "is_superuser": false, "username": "c@c.cl", "first_name": "c", "last_name": "c", "email": "c@c.cl", "is_staff": false, "is_active": true, "date_joined": "2024-12-30T03:40:20.819Z", "groups": [], "user_permissions": []}}, {"model": "auth.user", "pk": 18, "fields": {"password": "pbkdf2_sha256$870000$h3o45rG5AOis7v8Gwrjvyg$aoUK1Biph3XD1Mz5o8sfDmEmgg4IQTuSKndRq81wxv0=", "last_login": null, "is_superuser": false, "username": "d@d.cl", "first_name": "d", "last_name": "d", "email": "d@d.cl", "is_staff": false, "is_active": true, "date_joined": "2024-12-30T03:42:35.719Z", "groups": [], "user_permissions": []}}, {"model": "auth.user", "pk": 19, "fields": {"password": "pbkdf2_sha256$870000$IWXdLyNoOEtiJ3EPtf3GgE$wsWJSLU8Fcl5+8COkeawjGZfsxRjaebKEirri6ideb4=", "last_login": null, "is_superuser": false, "username": "e@e.cl", "first_name": "e", "last_name": "e", "email": "e@e.cl", "is_staff": false, "is_active": true, "date_joined": "2024-12-30T03:45:23.085Z", "groups": [], "user_permissions": []}}, {"model": "auth.user", "pk": 20, "fields": {"password": "pbkdf2_sha256$870000$Uubku6w0aZAuN6ubd7QjwZ$vrOcXUtLv4EPFt40IGHhD5yVFgnGkmsUnd94pVPuA2Y=", "last_login": "2025-02-15T16:46:37.848Z", "is_superuser": false, "username": "jbv.diseno@gmail.com", "first_name": "Jose", "last_name": "Barrios", "email": "jbv.diseno@gmail.com", "is_staff": false, "is_active": true, "date_joined": "2024-12-30T22:55:56.696Z", "groups": [], "user_permissions": []}}, {"model": "auth.user", "pk": 21, "fields": {"password": "pbkdf2_sha256$870000$0d83bC1CtXcQ1U2ShCaFS5$N7wxSKculcuomeCpeklk37c0O1+w1LTHG+UvbPSreeo=", "last_login": null, "is_superuser": false, "username": "roanba30@hotmail.com", "first_name": "Jose", "last_name": "Barrios", "email": "roanba30@hotmail.com", "is_staff": false, "is_active": true, "date_joined": "2024-12-31T00:03:54.074Z", "groups": [], "user_permissions": []}}, {"model": "auth.user", "pk": 22, "fields": {"password": "pbkdf2_sha256$870000$QcA5oIbgBjYuURdDWHrC0o$EmAYDn7oKH4rlCvLkQ21npgI6EOt4gshZir81Bnng+4=", "last_login": null, "is_superuser": false, "username": "la@gmail.com", "first_name": "ji", "last_name": "ba", "email": "la@gmail.com", "is_staff": false, "is_active": true, "date_joined": "2025-01-15T15:32:53.724Z", "groups": [], "user_permissions": []}}, {"model": "auth.user", "pk": 23, "fields": {"password": "pbkdf2_sha256$870000$Jzwcvt0Guf1PNWl94h98FI$jd7H2goTRLN5LraLcZUVmHQJvy/wbDwtwjMdAe/lUq8=", "last_login": null, "is_superuser": false, "username": "1234@creactiva.cl", "first_name": "Jose", "last_name": "Barrios", "email": "1234@creactiva.cl", "is_staff": false, "is_active": true, "date_joined": "2025-01-15T15:33:09.522Z", "groups": [], "user_permissions": []}}, {"model": "auth.user", "pk": 24, "fields": {"password": "pbkdf2_sha256$870000$2f945mAGvCevnUAelB90qQ$hU0PU540bkM02W/56R2kMHtZx9A6u9HwZln3GrL5eB0=", "last_login": null, "is_superuser": false, "username": "jose@crea.cl", "first_name": "Jose", "last_name": "Barrios", "email": "jose@crea.cl", "is_staff": false, "is_active": true, "date_joined": "2025-01-15T15:33:29.872Z", "groups": [], "user_permissions": []}}, {"model": "auth.user", "pk": 25, "fields": {"password": "pbkdf2_sha256$870000$Py1f7o4WbGUedXa3Cwmv29$370T+4jy07y60hLVL4gnDpY9EWfVwTlyunqyD9VltY8=", "last_login": "2025-01-17T14:47:53.961Z", "is_superuser": false, "username": "fabian@vallejos.cl", "first_name": "Fabián", "last_name": "Vallejos", "email": "fabian@vallejos.cl", "is_staff": false, "is_active": true, "date_joined": "2025-01-17T14:03:27.569Z", "groups": [], "user_permissions": []}}, {"model": "auth.user", "pk": 26, "fields": {"password": "pbkdf2_sha256$870000$CdO0f8PtK9FVkW8PlWG2R8$8krBz+VcWMv6Wpl9AF0+7GU8HcaFT5j/ybTGmhGveys=", "last_login": null, "is_superuser": false, "username": "pedro@creactiva.cl", "first_name": "pedro", "last_name": "pinto", "email": "pedro@creactiva.cl", "is_staff": false, "is_active": true, "date_joined": "2025-01-17T14:06:16.827Z", "groups": [], "user_permissions": []}}, {"model": "auth.user", "pk": 27, "fields": {"password": "pbkdf2_sha256$870000$mDFOTOHgdUKnAMukB6x51Z$KhXtEaFvZGKwC6CJPGjlBVPBwNmNVHv4sSKFv/dUmyk=", "last_login": "2025-01-23T14:18:02.520Z", "is_superuser": false, "username": "javier2@creactiva.cl", "first_name": "Javier", "last_name": "Vargas", "email": "javier2@creactiva.cl", "is_staff": false, "is_active": true, "date_joined": "2025-01-23T14:17:45.618Z", "groups": [], "user_permissions": []}}, {"model": "auth.user", "pk": 28, "fields": {"password": "pbkdf2_sha256$870000$aDe9DrDs29bpnZiNCfZOea$Hv/0OzbjQXXV0ecUISs7J6/cfAqxzvTxDKa/UALB2Uo=", "last_login": "2025-01-30T01:14:09.187Z", "is_superuser": false, "username": "javier3@creactiva.cl", "first_name": "Javier", "last_name": "Vargas", "email": "javier3@creactiva.cl", "is_staff": false, "is_active": true, "date_joined": "2025-01-23T14:19:40.916Z", "groups": [], "user_permissions": []}}, {"model": "auth.user", "pk": 42, "fields": {"password": "pbkdf2_sha256$870000$lCW2gtAnToRAZWT7LGU3HF$eF6X0LMEatmrPJhHtgFRPX54RLMEB9G8nPuLwoyUjY8=", "last_login": "2025-02-12T19:37:20.784Z", "is_superuser": false, "username": "jevargasf@gmail.com", "first_name": "Javier", "last_name": "Vargas", "email": "jevargasf@gmail.com", "is_staff": false, "is_active": true, "date_joined": "2025-02-04T21:59:01.812Z", "groups": [], "user_permissions": []}}, {"model": "auth.user", "pk": 43, "fields": {"password": "pbkdf2_sha256$870000$PtZRKoM9F0i7hDZnjB1DEX$GSj3mpoCrX1I4p+Ea9u0BQapAvgrdHKK1s53vb/ockU=", "last_login": "2025-02-08T15:20:38.228Z", "is_superuser": false, "username": "user@creactiva.cl", "first_name": "User", "last_name": "Pago", "email": "user@creactiva.cl", "is_staff": false, "is_active": true, "date_joined": "2025-02-08T15:20:05.611Z", "groups": [], "user_permissions": []}}, {"model": "auth.user", "pk": 44, "fields": {"password": "pbkdf2_sha256$870000$XVCRhUWPdyzsNzU038LUAM$swp+fRXbSOJcT60IZHJsbfeYUtt9dMFcFmACclMfTwo=", "last_login": "2025-02-08T15:40:11.023Z", "is_superuser": false, "username": "patitafuentesramos@gmail.com", "first_name": "Patricia", "last_name": "Fuentes", "email": "patitafuentesramos@gmail.com", "is_staff": false, "is_active": true, "date_joined": "2025-02-08T15:39:40.574Z", "groups": [], "user_permissions": []}}, {"model": "auth.user", "pk": 46, "fields": {"password": "pbkdf2_sha256$870000$8kCLxT3bROdw4uSnrystMl$Ognwe6pUMR5l+yQJ/oNIRs+SjziDQDyjA3v7V8Tprl4=", "last_login": "2025-02-15T22:48:22.585Z", "is_superuser": false, "username": "jvargas@creactivaanimaciones.cl", "first_name": "Esteban", "last_name": "Fuentes", "email": "jvargas@creactivaanimaciones.cl", "is_staff": false, "is_active": true, "date_joined": "2025-02-10T13:25:58.846Z", "groups": [], "user_permissions": []}}, {"model": "auth.user", "pk": 47, "fields": {"password": "pbkdf2_sha256$870000$Vuxv6CWmTsw0g8uCXnpCRy$jAp1Js40TfEB0hGk3+FtA3d5UQ/1+JEgF+gxMvLAjCk=", "last_login": "2025-02-12T14:11:53.323Z", "is_superuser": false, "username": "alexis@alejo.com", "first_name": "Alexis", "last_name": "Alejo", "email": "alexis@alejo.com", "is_staff": false, "is_active": true, "date_joined": "2025-02-12T12:57:12.149Z", "groups": [], "user_permissions": []}}, {"model": "auth.user", "pk": 48, "fields": {"password": "pbkdf2_sha256$870000$zGsp196ultFDOHNxf7PhZm$XWIs3Y5qAwJGqOSOPf3coxcP5fIiK4bZENvAoqLf2Gg=", "last_login": "2025-02-12T13:29:38.679Z", "is_superuser": false, "username": "bernardita@alvarez.com", "first_name": "Bernardita", "last_name": "Álvarez", "email": "bernardita@alvarez.com", "is_staff": false, "is_active": true, "date_joined": "2025-02-12T13:16:18.141Z", "groups": [], "user_permissions": []}}, {"model": "auth.user", "pk": 49, "fields": {"password": "pbkdf2_sha256$870000$rxVHmM9eCs2IFpaNGaHI58$u4Tm7SqbFTLshABXtoA08ooGunruCwsx0x3TM8j09bg=", "last_login": "2025-02-14T20:13:34.509Z", "is_superuser": false, "username": "usuariosincuenta@creactiva.cl", "first_name": "Usuario", "last_name": "Sincuenta", "email": "usuariosincuenta@creactiva.cl", "is_staff": false, "is_active": true, "date_joined": "2025-02-14T19:57:13.972Z", "groups": [], "user_permissions": []}}, {"model": "auth.user", "pk": 50, "fields": {"password": "pbkdf2_sha256$870000$tekug9jNorrjE5z3NLQHQw$TLMCZCPMQ9WGcOJLRTx3Fc0pYu5GdcCEPpNXGBsANNs=", "last_login": "2025-02-14T22:51:01.652Z", "is_superuser": false, "username": "fvallejosp.apr@gmail.com", "first_name": "Fabián", "last_name": "Vallejos", "email": "fvallejosp.apr@gmail.com", "is_staff": false, "is_active": true, "date_joined": "2025-02-14T22:36:18.464Z", "groups": [], "user_permissions": []}}]