[{"model": "cursos.etiqueta", "pk": 1, "fields": {"nombre": "Cultura"}}, {"model": "cursos.etiqueta", "pk": 2, "fields": {"nombre": "Pueblos originarios"}}, {"model": "cursos.idioma", "pk": 1, "fields": {"nombre": "Español"}}, {"model": "cursos.autor", "pk": 1, "fields": {"nombre_autor": "Creactiva Animaciones"}}, {"model": "cursos.autor", "pk": 2, "fields": {"nombre_autor": "Juanito Perez"}}, {"model": "cursos.materialescomplementario", "pk": 1, "fields": {"nombre_material": "Glosario", "link_material": "por rellenar"}}, {"model": "cursos.materialescomplementario", "pk": 2, "fields": {"nombre_material": "Grafemario", "link_material": "por rellenar"}}, {"model": "cursos.curso", "pk": 1, "fields": {"nombre": "Mapuzungun: El Sonido de la Tierra", "desc_corta": "Taller de Introducción a la Lengua Mapuche", "desc_larga": "El mapuzungun es la lengua del pueblo mapuche, el pueblo originario de gran parte del territorio que actualmente comprende Chile y Argentina. Es una lengua mágica, que encarna a los sonidos mas profundos de la naturaleza y a los espíritus que en ella habitan... los ngen (guardián, protector). A través del rugido de la tierra y el mar, del canto del viento y de las aves, de la lluvia y su tintineo... el mapuche fue creando las palabras que dieron vida a esta lengua ancestral, que se ha mantenido viva en la oralidad de quienes aún la recuerdan y practican. El mapuzungun o \"sonido de la tierra\", es una lengua viva, que nos ayuda a conectar con la naturaleza y nosotros mismos.\r\n\r\nEn este curso aprenderás reglas, palabras y frases, con sus respectivas pronunciaciones en mapuzungun, las cuales te permitirán descubrir poco a poco el sentido de esta lengua, y a su vez, aprender expresiones básicas y cotidianas del pueblo mapuche.\r\n\r\nA través de actividades prácticas, videos interactivos, cuestionarios y ejercicios dinámicos, pondrás en práctica y reforzarás tu mapuzungun, de manera entretenida y efectiva. \r\n\r\nEste curso está dirigido a quienes desean iniciarse en el aprendizaje del mapuzungun, sin necesidad de conocimientos previos. Es ideal para amantes de las lenguas, docentes, estudiantes, investigadores o cualquier persona interesada en conectar con la riqueza cultural del pueblo mapuche.\r\n\r\n¡Únete y empieza tu viaje hacia el mundo del mapuzungun hoy mismo! ¡Se parte de la comunidad Creactiva, y continuemos promoviendo nuevas instancias para mantener viva nuestra lengua ancestral!", "imagen_portada": "c1.png", "etiqueta_promocional": "0", "fecha_lanzamiento": null, "etiquetas": 1, "idiomas": 1, "autores": [1, 2]}}, {"model": "cursos.curso", "pk": 2, "fields": {"nombre": "Introducción a la Cultura Mapuche", "desc_corta": "Conoce las tradiciones, creencias y formas de vida de uno de los pueblos originarios más emblemáticos de Sudamérica.", "desc_larga": "En este curso descubrirás los pilares de la cosmovisión mapuche, su relación con la naturaleza, las festividades más importantes y las historias que han pasado de generación en generación. También explorarás las expresiones artísticas, como la música, la artesanía y la oralidad, que dan vida a esta cultura única.\r\n\r\nEstá diseñado para personas interesadas en conocer y valorar el legado del pueblo mapuche desde una perspectiva respetuosa e inclusiva. Es ideal para educadores, investigadores, amantes de las culturas originarias y quienes deseen ampliar su comprensión de la diversidad cultural.\r\n\r\nA través de contenidos interactivos, recursos audiovisuales y actividades prácticas, te acercarás al mundo mapuche de manera entretenida y reflexiva. Este curso te permitirá entender su riqueza cultural y su relevancia en el contexto actual.\r\n\r\nÚnete y descubre la profundidad y belleza de la cultura mapuche.", "imagen_portada": "c2.png", "etiqueta_promocional": "2", "fecha_lanzamiento": null, "etiquetas": 1, "idiomas": 1, "autores": [1]}}, {"model": "cursos.capitulo", "pk": 1, "fields": {"numero": 1, "nombre": "El Mapuzungun", "duracion": 60, "desc_corta": "El origen del mapuzungun y los sonidos de las letras que dan vida a esta lengua ancestral.", "descripcion": "El mapuzungun es la lengua del pueblo mapuche, el pueblo originario de gran parte del territorio que actualmente comprende Chile y Argentina. Es una lengua mágica, que encarna a los sonidos mas profundos de la naturaleza y a los espíritus que en ella habitan... los ngen (guardián, protector). A través del rugido de la tierra y el mar, del canto del viento y de las aves, de la lluvia y su tintineo... el mapuche fue creando las palabras que dieron vida a esta lengua ancestral, que se ha mantenido viva en la oralidad de quienes aún la recuerdan y practican. El mapuzungun o \"sonido de la tierra\", es una lengua viva, que nos ayuda a conectar con la naturaleza y nosotros mismos.\r\n\r\nEn este curso aprenderás reglas, palabras y frases, con sus respectivas pronunciaciones en mapuzungun, las cuales te permitirán descubrir poco a poco el sentido de esta lengua, y a su vez, aprender expresiones básicas y cotidianas del pueblo mapuche.\r\n\r\nA través de actividades prácticas, videos interactivos, cuestionarios y ejercicios dinámicos, pondrás en práctica y reforzarás tu mapuzungun, de manera entretenida y efectiva. \r\n\r\nEste curso está dirigido a quienes desean iniciarse en el aprendizaje del mapuzungun, sin necesidad de conocimientos previos. Es ideal para amantes de las lenguas, docentes, estudiantes, investigadores o cualquier persona interesada en conectar con la riqueza cultural del pueblo mapuche.\r\n\r\n¡Únete y empieza tu viaje hacia el mundo del mapuzungun hoy mismo! ¡Se parte de la comunidad Creactiva, y continuemos promoviendo nuevas instancias para mantener viva nuestra lengua ancestral!", "num_actividades": 3, "link": "http://www.creactivaanimaciones.cl/static/video/c1_1.mp4", "xml_cap": "c1_1_config.xml", "js_cap": "config_xml_c1_1.js", "thumbnail": "c1e1_Thumbnails.png", "first_frame": "c1_1.png", "contenidos": ["Origen del Mapuzungun", "Grafemarios: ¿Cómo escribimos el Mapuzungun?", "Sonidos de Letras mapuche"], "etiqueta_promocional": "0", "fecha_lanzamiento": null, "link_trailer": "https://creactivaanimaciones.cl/static/video/c1_t1.mp4", "xml_trailer": null, "js_trailer": null, "material": null, "curso": 1}}, {"model": "cursos.capitulo", "pk": 2, "fields": {"numero": 2, "nombre": "Pronombres", "duracion": 39, "desc_corta": "Pronombres personales y posesivos, además de conceptos importantes para expresar el mapuzungun.", "descripcion": "El mapuzungun es la lengua del pueblo mapuche, el pueblo originario de gran parte del territorio que actualmente comprende Chile y Argentina. Es una lengua mágica, que encarna a los sonidos mas profundos de la naturaleza y a los espíritus que en ella habitan... los ngen (guardián, protector). A través del rugido de la tierra y el mar, del canto del viento y de las aves, de la lluvia y su tintineo... el mapuche fue creando las palabras que dieron vida a esta lengua ancestral, que se ha mantenido viva en la oralidad de quienes aún la recuerdan y practican. El mapuzungun o \"sonido de la tierra\", es una lengua viva, que nos ayuda a conectar con la naturaleza y nosotros mismos.\r\n\r\nEn este curso aprenderás reglas, palabras y frases, con sus respectivas pronunciaciones en mapuzungun, las cuales te permitirán descubrir poco a poco el sentido de esta lengua, y a su vez, aprender expresiones básicas y cotidianas del pueblo mapuche.\r\n\r\nA través de actividades prácticas, videos interactivos, cuestionarios y ejercicios dinámicos, pondrás en práctica y reforzarás tu mapuzungun, de manera entretenida y efectiva. \r\n\r\nEste curso está dirigido a quienes desean iniciarse en el aprendizaje del mapuzungun, sin necesidad de conocimientos previos. Es ideal para amantes de las lenguas, docentes, estudiantes, investigadores o cualquier persona interesada en conectar con la riqueza cultural del pueblo mapuche.\r\n\r\n¡Únete y empieza tu viaje hacia el mundo del mapuzungun hoy mismo! ¡Se parte de la comunidad Creactiva, y continuemos promoviendo nuevas instancias para mantener viva nuestra lengua ancestral!", "num_actividades": 7, "link": "http://www.creactivaanimaciones.cl/static/video/c1_2.mp4", "xml_cap": "c1_2_config.xml", "js_cap": "config_xml_c1_2.js", "thumbnail": "c1e1_Thumbnails.png", "first_frame": "c1_2.png", "contenidos": ["Antecedentes importantes", "Pronombres Personales", "Pronombres Posesivos"], "etiqueta_promocional": "0", "fecha_lanzamiento": null, "link_trailer": "https://creactivaanimaciones.cl/static/video/c1_t2.mp4", "xml_trailer": null, "js_trailer": null, "material": null, "curso": 1}}, {"model": "cursos.capitulo", "pk": 3, "fields": {"numero": 3, "nombre": "Acciones, estados y los números", "duracion": 37, "desc_corta": "Conjugar acciones (verbos) y estados (adjetivos), además de la manera de expresar los números.", "descripcion": "El mapuzungun es la lengua del pueblo mapuche, el pueblo originario de gran parte del territorio que actualmente comprende Chile y Argentina. Es una lengua mágica, que encarna a los sonidos mas profundos de la naturaleza y a los espíritus que en ella habitan... los ngen (guardián, protector). A través del rugido de la tierra y el mar, del canto del viento y de las aves, de la lluvia y su tintineo... el mapuche fue creando las palabras que dieron vida a esta lengua ancestral, que se ha mantenido viva en la oralidad de quienes aún la recuerdan y practican. El mapuzungun o \"sonido de la tierra\", es una lengua viva, que nos ayuda a conectar con la naturaleza y nosotros mismos.\r\n\r\nEn este curso aprenderás reglas, palabras y frases, con sus respectivas pronunciaciones en mapuzungun, las cuales te permitirán descubrir poco a poco el sentido de esta lengua, y a su vez, aprender expresiones básicas y cotidianas del pueblo mapuche.\r\n\r\nA través de actividades prácticas, videos interactivos, cuestionarios y ejercicios dinámicos, pondrás en práctica y reforzarás tu mapuzungun, de manera entretenida y efectiva. \r\n\r\nEste curso está dirigido a quienes desean iniciarse en el aprendizaje del mapuzungun, sin necesidad de conocimientos previos. Es ideal para amantes de las lenguas, docentes, estudiantes, investigadores o cualquier persona interesada en conectar con la riqueza cultural del pueblo mapuche.\r\n\r\n¡Únete y empieza tu viaje hacia el mundo del mapuzungun hoy mismo! ¡Se parte de la comunidad Creactiva, y continuemos promoviendo nuevas instancias para mantener viva nuestra lengua ancestral!", "num_actividades": 6, "link": "http://www.creactivaanimaciones.cl/static/video/c1_3.mp4", "xml_cap": "c1_3_config.xml", "js_cap": "config_xml_c1_3.js", "thumbnail": "c1e1_Thumbnails.png", "first_frame": "c1_3.png", "contenidos": ["Chumün: como expresar acciones y estados", "Reglas para expresar acciones y estados", "Ejemplos para expresar acciones o estados según cada pronombre personal", "Ejemplos para expresar estados en sustantivos", "Números y la manera de expresarlos"], "etiqueta_promocional": "0", "fecha_lanzamiento": null, "link_trailer": "https://creactivaanimaciones.cl/static/video/c1_t3.mp4", "xml_trailer": null, "js_trailer": null, "material": 2, "curso": 1}}, {"model": "cursos.capitulo", "pk": 5, "fields": {"numero": 4, "nombre": "Saludos y presentación", "duracion": 37, "desc_corta": "Diferentes maneras de saludar y despedirse de una a varias personas, ademas de la manera de presentarse en público.", "descripcion": "El mapuzungun es la lengua del pueblo mapuche, el pueblo originario de gran parte del territorio que actualmente comprende Chile y Argentina. Es una lengua mágica, que encarna a los sonidos mas profundos de la naturaleza y a los espíritus que en ella habitan... los ngen (guardián, protector). A través del rugido de la tierra y el mar, del canto del viento y de las aves, de la lluvia y su tintineo... el mapuche fue creando las palabras que dieron vida a esta lengua ancestral, que se ha mantenido viva en la oralidad de quienes aún la recuerdan y practican. El mapuzungun o \"sonido de la tierra\", es una lengua viva, que nos ayuda a conectar con la naturaleza y nosotros mismos.\r\n\r\nEn este curso aprenderás reglas, palabras y frases, con sus respectivas pronunciaciones en mapuzungun, las cuales te permitirán descubrir poco a poco el sentido de esta lengua, y a su vez, aprender expresiones básicas y cotidianas del pueblo mapuche.\r\n\r\nA través de actividades prácticas, videos interactivos, cuestionarios y ejercicios dinámicos, pondrás en práctica y reforzarás tu mapuzungun, de manera entretenida y efectiva. \r\n\r\nEste curso está dirigido a quienes desean iniciarse en el aprendizaje del mapuzungun, sin necesidad de conocimientos previos. Es ideal para amantes de las lenguas, docentes, estudiantes, investigadores o cualquier persona interesada en conectar con la riqueza cultural del pueblo mapuche.\r\n\r\n¡Únete y empieza tu viaje hacia el mundo del mapuzungun hoy mismo! ¡Se parte de la comunidad Creactiva, y continuemos promoviendo nuevas instancias para mantener viva nuestra lengua ancestral!", "num_actividades": 8, "link": "http://www.creactivaanimaciones.cl/static/video/c1_4.mp4", "xml_cap": "c1_4_config.xml", "js_cap": "config_xml_c1_4.js", "thumbnail": "c1e1_Thumbnails.png", "first_frame": "c1_4.png", "contenidos": ["Chalin: Saludo", "Chalitun: Despedida", "Chalintukuwun: Presentación"], "etiqueta_promocional": "0", "fecha_lanzamiento": null, "link_trailer": "https://creactivaanimaciones.cl/static/video/c1_t4.mp4", "xml_trailer": null, "js_trailer": null, "material": 2, "curso": 1}}, {"model": "cursos.capitulo", "pk": 6, "fields": {"numero": 5, "nombre": "Conversación", "duracion": 32, "desc_corta": "Preguntas y respuestas para conocer a otra persona, además de un glosario de palabras en mapuzungun.", "descripcion": "El mapuzungun es la lengua del pueblo mapuche, el pueblo originario de gran parte del territorio que actualmente comprende Chile y Argentina. Es una lengua mágica, que encarna a los sonidos mas profundos de la naturaleza y a los espíritus que en ella habitan... los ngen (guardián, protector). A través del rugido de la tierra y el mar, del canto del viento y de las aves, de la lluvia y su tintineo... el mapuche fue creando las palabras que dieron vida a esta lengua ancestral, que se ha mantenido viva en la oralidad de quienes aún la recuerdan y practican. El mapuzungun o \"sonido de la tierra\", es una lengua viva, que nos ayuda a conectar con la naturaleza y nosotros mismos.\r\n\r\nEn este curso aprenderás reglas, palabras y frases, con sus respectivas pronunciaciones en mapuzungun, las cuales te permitirán descubrir poco a poco el sentido de esta lengua, y a su vez, aprender expresiones básicas y cotidianas del pueblo mapuche.\r\n\r\nA través de actividades prácticas, videos interactivos, cuestionarios y ejercicios dinámicos, pondrás en práctica y reforzarás tu mapuzungun, de manera entretenida y efectiva. \r\n\r\nEste curso está dirigido a quienes desean iniciarse en el aprendizaje del mapuzungun, sin necesidad de conocimientos previos. Es ideal para amantes de las lenguas, docentes, estudiantes, investigadores o cualquier persona interesada en conectar con la riqueza cultural del pueblo mapuche.\r\n\r\n¡Únete y empieza tu viaje hacia el mundo del mapuzungun hoy mismo! ¡Se parte de la comunidad Creactiva, y continuemos promoviendo nuevas instancias para mantener viva nuestra lengua ancestral!", "num_actividades": 10, "link": "http://www.creactivaanimaciones.cl/static/video/c1_5.mp4", "xml_cap": "c1_5_config.xml", "js_cap": "config_xml_c1_5.js", "thumbnail": "c1e1_Thumbnails.png", "first_frame": "c1_5.png", "contenidos": ["Mütram: Conversación", "Ejemplos de diálogos mas comunes", "Glosario"], "etiqueta_promocional": "0", "fecha_lanzamiento": null, "link_trailer": "https://creactivaanimaciones.cl/static/video/c1_t1.mp4", "xml_trailer": null, "js_trailer": null, "material": 1, "curso": 1}}, {"model": "cursos.capitulo", "pk": 7, "fields": {"numero": 1, "nombre": "Roles", "duracion": 45, "desc_corta": "Conoce las tradiciones, creencias y formas de vida de uno de los pueblos originarios más emblemáticos de Sudamérica.", "descripcion": "Los sonidos y pronunciaciones del mapudungun.\r\nPalabras y frases esenciales para expresarte en contextos básicos.\r\nAspectos culturales del pueblo mapuche y cómo se relacionan con su lengua.\r\nHerramientas interactivas para practicar y reforzar tus conocimientos.\r\n\r\nEste curso está diseñado para quienes desean iniciarse en el aprendizaje del mapudungun, sin necesidad de conocimientos previos. Es perfecto para amantes de las lenguas, docentes, investigadores, o cualquiera interesado en conectar con la riqueza cultural mapuche.", "num_actividades": 5, "link": "http://www.creactivaanimaciones.cl/static/video/c1_1.mp4", "xml_cap": "c1_1_config.xml", "js_cap": "config_xml_c1_1.js", "thumbnail": "c1e1_Thumbnails.png", "first_frame": "c2_1.png", "contenidos": ["Origen del Mapuzungun", "Grafemarios: ¿Cómo escribimos el Mapuzungun?", "Sonidos de Letras"], "etiqueta_promocional": "2", "fecha_lanzamiento": "2025-03-31T00:00:00Z", "link_trailer": null, "xml_trailer": null, "js_trailer": null, "material": 1, "curso": 2}}, {"model": "cursos.capitulo", "pk": 8, "fields": {"numero": 2, "nombre": "Espiritualidad y Naturaleza", "duracion": 37, "desc_corta": "Conoce las tradiciones, creencias y formas de vida de uno de los pueblos originarios más emblemáticos de Sudamérica.", "descripcion": "Los sonidos y pronunciaciones del mapudungun.\r\nPalabras y frases esenciales para expresarte en contextos básicos.\r\nAspectos culturales del pueblo mapuche y cómo se relacionan con su lengua.\r\nHerramientas interactivas para practicar y reforzar tus conocimientos.\r\n\r\nEste curso está diseñado para quienes desean iniciarse en el aprendizaje del mapudungun, sin necesidad de conocimientos previos. Es perfecto para amantes de las lenguas, docentes, investigadores, o cualquiera interesado en conectar con la riqueza cultural mapuche.", "num_actividades": 5, "link": "http://www.creactivaanimaciones.cl/static/video/c1_1.mp4", "xml_cap": "c1_1_config.xml", "js_cap": "config_xml_c1_1.js", "thumbnail": "c1e1_Thumbnails.png", "first_frame": "c2_2.png", "contenidos": ["Origen del Mapuzungun", "Grafemarios: ¿Cómo escribimos el Mapuzungun?", "Sonidos de Letras"], "etiqueta_promocional": "2", "fecha_lanzamiento": null, "link_trailer": null, "xml_trailer": null, "js_trailer": null, "material": 1, "curso": 2}}, {"model": "cursos.capitulo", "pk": 9, "fields": {"numero": 3, "nombre": "Ceremonias", "duracion": 37, "desc_corta": "Conoce las tradiciones, creencias y formas de vida de uno de los pueblos originarios más emblemáticos de Sudamérica.", "descripcion": "Los sonidos y pronunciaciones del mapudungun.\r\nPalabras y frases esenciales para expresarte en contextos básicos.\r\nAspectos culturales del pueblo mapuche y cómo se relacionan con su lengua.\r\nHerramientas interactivas para practicar y reforzar tus conocimientos.\r\n\r\nEste curso está diseñado para quienes desean iniciarse en el aprendizaje del mapudungun, sin necesidad de conocimientos previos. Es perfecto para amantes de las lenguas, docentes, investigadores, o cualquiera interesado en conectar con la riqueza cultural mapuche.", "num_actividades": 6, "link": "http://www.creactivaanimaciones.cl/static/video/c1_1.mp4", "xml_cap": "c1_1_config.xml", "js_cap": "config_xml_c1_1.js", "thumbnail": "c1e1_Thumbnails.png", "first_frame": "c2_3.png", "contenidos": ["Origen del Mapuzungun", "Grafemarios: ¿Cómo escribimos el Mapuzungun?", "Sonidos de Letras"], "etiqueta_promocional": "2", "fecha_lanzamiento": null, "link_trailer": null, "xml_trailer": null, "js_trailer": null, "material": 1, "curso": 2}}, {"model": "cursos.capitulo", "pk": 11, "fields": {"numero": 4, "nombre": "Oralidad", "duracion": 52, "desc_corta": "Conoce las tradiciones, creencias y formas de vida de uno de los pueblos originarios más emblemáticos de Sudamérica.", "descripcion": "Los sonidos y pronunciaciones del mapudungun.\r\nPalabras y frases esenciales para expresarte en contextos básicos.\r\nAspectos culturales del pueblo mapuche y cómo se relacionan con su lengua.\r\nHerramientas interactivas para practicar y reforzar tus conocimientos.\r\n\r\nEste curso está diseñado para quienes desean iniciarse en el aprendizaje del mapudungun, sin necesidad de conocimientos previos. Es perfecto para amantes de las lenguas, docentes, investigadores, o cualquiera interesado en conectar con la riqueza cultural mapuche.", "num_actividades": 6, "link": "http://www.creactivaanimaciones.cl/static/video/c1_1.mp4", "xml_cap": "c1_1_config.xml", "js_cap": "config_xml_c1_1.js", "thumbnail": "c1e1_Thumbnails.png", "first_frame": "c2_4.png", "contenidos": ["Origen del Mapuzungun", "Grafemarios: ¿Cómo escribimos el Mapuzungun?", "Sonidos de Letras"], "etiqueta_promocional": "2", "fecha_lanzamiento": null, "link_trailer": null, "xml_trailer": null, "js_trailer": null, "material": null, "curso": 2}}, {"model": "cursos.capitulo", "pk": 12, "fields": {"numero": 5, "nombre": "Alimentos y Juegos Tradicionales", "duracion": 51, "desc_corta": "Conoce las tradiciones, creencias y formas de vida de uno de los pueblos originarios más emblemáticos de Sudamérica.", "descripcion": "Los sonidos y pronunciaciones del mapudungun.\r\nPalabras y frases esenciales para expresarte en contextos básicos.\r\nAspectos culturales del pueblo mapuche y cómo se relacionan con su lengua.\r\nHerramientas interactivas para practicar y reforzar tus conocimientos.\r\n\r\nEste curso está diseñado para quienes desean iniciarse en el aprendizaje del mapudungun, sin necesidad de conocimientos previos. Es perfecto para amantes de las lenguas, docentes, investigadores, o cualquiera interesado en conectar con la riqueza cultural mapuche.", "num_actividades": 10, "link": "http://www.creactivaanimaciones.cl/static/video/c1_1.mp4", "xml_cap": "c1_1_config.xml", "js_cap": "config_xml_c1_1.js", "thumbnail": "c1e1_Thumbnails.png", "first_frame": "c2_5.png", "contenidos": ["Origen del Mapuzungun", "Grafemarios: ¿Cómo escribimos el Mapuzungun?", "Sonidos de Letras"], "etiqueta_promocional": "2", "fecha_lanzamiento": null, "link_trailer": null, "xml_trailer": null, "js_trailer": null, "material": 1, "curso": 2}}, {"model": "cursos.visualizacion", "pk": 1, "fields": {"perfil": 1, "capitulo": 1, "minuto": 4.501702, "fecha": "2025-01-09T20:43:10.624Z"}}, {"model": "cursos.visualizacion", "pk": 2, "fields": {"perfil": 1, "capitulo": 8, "minuto": 219.03724, "fecha": "2025-01-10T00:20:00.699Z"}}, {"model": "cursos.visualizacion", "pk": 3, "fields": {"perfil": 1, "capitulo": 8, "minuto": 2.502835, "fecha": "2025-01-10T02:38:03.770Z"}}, {"model": "cursos.visualizacion", "pk": 4, "fields": {"perfil": 1, "capitulo": 8, "minuto": 2.502835, "fecha": "2025-01-10T03:37:12.511Z"}}, {"model": "cursos.visualizacion", "pk": 5, "fields": {"perfil": 1, "capitulo": 8, "minuto": 24.503684, "fecha": "2025-01-10T03:44:46.473Z"}}, {"model": "cursos.visualizacion", "pk": 6, "fields": {"perfil": 1, "capitulo": 8, "minuto": 0.514692, "fecha": "2025-01-10T03:51:56.956Z"}}, {"model": "cursos.visualizacion", "pk": 7, "fields": {"perfil": 1, "capitulo": 8, "minuto": 2.513042, "fecha": "2025-01-10T03:52:25.670Z"}}, {"model": "cursos.visualizacion", "pk": 8, "fields": {"perfil": 1, "capitulo": 8, "minuto": 1.509678, "fecha": "2025-01-10T03:54:32.964Z"}}, {"model": "cursos.visualizacion", "pk": 9, "fields": {"perfil": 1, "capitulo": 8, "minuto": 3.506262, "fecha": "2025-01-10T03:54:47.910Z"}}, {"model": "cursos.visualizacion", "pk": 10, "fields": {"perfil": 1, "capitulo": 8, "minuto": 0.505467, "fecha": "2025-01-10T04:04:56.985Z"}}, {"model": "cursos.visualizacion", "pk": 11, "fields": {"perfil": 1, "capitulo": 8, "minuto": 345.804258407767, "fecha": "2025-01-10T04:06:27.836Z"}}, {"model": "cursos.visualizacion", "pk": 12, "fields": {"perfil": 1, "capitulo": 8, "minuto": 369.8184430194175, "fecha": "2025-01-10T04:07:32.747Z"}}, {"model": "cursos.visualizacion", "pk": 13, "fields": {"perfil": 1, "capitulo": 8, "minuto": 374.506611, "fecha": "2025-01-10T04:07:49.554Z"}}, {"model": "cursos.visualizacion", "pk": 14, "fields": {"perfil": 1, "capitulo": 8, "minuto": 417.512564, "fecha": "2025-01-10T15:14:59.857Z"}}, {"model": "cursos.visualizacion", "pk": 15, "fields": {"perfil": 1, "capitulo": 8, "minuto": 425.504979, "fecha": "2025-01-10T15:16:45.010Z"}}, {"model": "cursos.visualizacion", "pk": 16, "fields": {"perfil": 1, "capitulo": 8, "minuto": 11.51011, "fecha": "2025-01-13T21:39:33.451Z"}}, {"model": "cursos.visualizacion", "pk": 17, "fields": {"perfil": 1, "capitulo": 11, "minuto": 17.517927, "fecha": "2025-01-13T21:40:05.627Z"}}, {"model": "cursos.visualizacion", "pk": 18, "fields": {"perfil": 1, "capitulo": 11, "minuto": 0.504695, "fecha": "2025-01-13T21:41:30.282Z"}}, {"model": "cursos.visualizacion", "pk": 19, "fields": {"perfil": 1, "capitulo": 12, "minuto": 0.505928, "fecha": "2025-01-13T21:43:20.354Z"}}, {"model": "cursos.visualizacion", "pk": 20, "fields": {"perfil": 1, "capitulo": 5, "minuto": 480.500694, "fecha": "2025-01-13T21:49:07.517Z"}}, {"model": "cursos.visualizacion", "pk": 21, "fields": {"perfil": 1, "capitulo": 5, "minuto": 481.505618, "fecha": "2025-01-13T21:49:28.124Z"}}, {"model": "cursos.visualizacion", "pk": 22, "fields": {"perfil": 1, "capitulo": 8, "minuto": 11.51011, "fecha": "2025-01-13T22:13:30.620Z"}}, {"model": "cursos.visualizacion", "pk": 23, "fields": {"perfil": 1, "capitulo": 8, "minuto": 12.562657, "fecha": "2025-01-13T23:46:43.277Z"}}, {"model": "cursos.visualizacion", "pk": 24, "fields": {"perfil": 1, "capitulo": 1, "minuto": 9.502307, "fecha": "2025-01-13T23:47:06.970Z"}}, {"model": "cursos.visualizacion", "pk": 25, "fields": {"perfil": 1, "capitulo": 1, "minuto": 22.500996, "fecha": "2025-01-14T00:05:56.967Z"}}, {"model": "cursos.visualizacion", "pk": 26, "fields": {"perfil": 1, "capitulo": 1, "minuto": 22.500996, "fecha": "2025-01-14T00:06:30.393Z"}}, {"model": "cursos.visualizacion", "pk": 27, "fields": {"perfil": 1, "capitulo": 2, "minuto": 16.506994, "fecha": "2025-01-14T00:10:35.899Z"}}, {"model": "cursos.visualizacion", "pk": 28, "fields": {"perfil": 1, "capitulo": 3, "minuto": 7.512303, "fecha": "2025-01-14T00:10:57.320Z"}}, {"model": "cursos.visualizacion", "pk": 29, "fields": {"perfil": 1, "capitulo": 5, "minuto": 778.504685, "fecha": "2025-01-14T00:11:28.959Z"}}, {"model": "cursos.visualizacion", "pk": 30, "fields": {"perfil": 1, "capitulo": 6, "minuto": 639.507913, "fecha": "2025-01-14T00:11:48.708Z"}}, {"model": "cursos.visualizacion", "pk": 31, "fields": {"perfil": 2, "capitulo": 6, "minuto": 1373.89786, "fecha": "2025-01-14T15:00:32.520Z"}}, {"model": "cursos.visualizacion", "pk": 32, "fields": {"perfil": 2, "capitulo": 1, "minuto": 4.501501, "fecha": "2025-01-14T15:00:42.290Z"}}, {"model": "cursos.visualizacion", "pk": 33, "fields": {"perfil": 2, "capitulo": 2, "minuto": 420.015693, "fecha": "2025-01-14T15:00:57.884Z"}}, {"model": "cursos.visualizacion", "pk": 34, "fields": {"perfil": 2, "capitulo": 5, "minuto": 6.367367, "fecha": "2025-01-14T15:01:08.564Z"}}, {"model": "cursos.visualizacion", "pk": 35, "fields": {"perfil": 2, "capitulo": 5, "minuto": 11.025866, "fecha": "2025-01-14T15:01:18.133Z"}}, {"model": "cursos.visualizacion", "pk": 36, "fields": {"perfil": 2, "capitulo": 6, "minuto": 1381.162952, "fecha": "2025-01-14T15:01:31.103Z"}}, {"model": "cursos.visualizacion", "pk": 37, "fields": {"perfil": 2, "capitulo": 6, "minuto": 1391.127258, "fecha": "2025-01-14T15:01:46.949Z"}}, {"model": "cursos.visualizacion", "pk": 38, "fields": {"perfil": 2, "capitulo": 2, "minuto": 421.503456, "fecha": "2025-01-14T15:01:59.650Z"}}, {"model": "cursos.visualizacion", "pk": 39, "fields": {"perfil": 2, "capitulo": 2, "minuto": 421.503456, "fecha": "2025-01-14T15:02:18.485Z"}}, {"model": "cursos.visualizacion", "pk": 40, "fields": {"perfil": 2, "capitulo": 3, "minuto": 33.432332, "fecha": "2025-01-14T15:03:47.213Z"}}, {"model": "cursos.visualizacion", "pk": 41, "fields": {"perfil": 2, "capitulo": 3, "minuto": 43.127056, "fecha": "2025-01-14T15:04:03.529Z"}}, {"model": "cursos.visualizacion", "pk": 42, "fields": {"perfil": 2, "capitulo": 1, "minuto": 659.662962, "fecha": "2025-01-14T15:04:51.521Z"}}, {"model": "cursos.visualizacion", "pk": 43, "fields": {"perfil": 2, "capitulo": 6, "minuto": 1614.908401, "fecha": "2025-01-14T15:05:53.809Z"}}, {"model": "cursos.visualizacion", "pk": 44, "fields": {"perfil": 2, "capitulo": 5, "minuto": 13.082438, "fecha": "2025-01-14T15:08:04.731Z"}}, {"model": "cursos.visualizacion", "pk": 45, "fields": {"perfil": 2, "capitulo": 7, "minuto": 3.601563, "fecha": "2025-01-14T15:45:40.506Z"}}, {"model": "cursos.visualizacion", "pk": 46, "fields": {"perfil": 2, "capitulo": 5, "minuto": 15.50008, "fecha": "2025-01-14T16:25:05.974Z"}}, {"model": "cursos.visualizacion", "pk": 47, "fields": {"perfil": 2, "capitulo": 5, "minuto": 16.554392, "fecha": "2025-01-14T16:46:11.565Z"}}, {"model": "cursos.visualizacion", "pk": 48, "fields": {"perfil": 2, "capitulo": 1, "minuto": 648.50019, "fecha": "2025-01-14T16:46:55.802Z"}}, {"model": "cursos.visualizacion", "pk": 49, "fields": {"perfil": 2, "capitulo": 7, "minuto": 3.601563, "fecha": "2025-01-14T18:17:45.300Z"}}, {"model": "cursos.visualizacion", "pk": 50, "fields": {"perfil": 2, "capitulo": 9, "minuto": 692.079563, "fecha": "2025-01-14T18:25:19.267Z"}}, {"model": "cursos.visualizacion", "pk": 51, "fields": {"perfil": 2, "capitulo": 1, "minuto": 726.607178, "fecha": "2025-01-14T18:27:09.431Z"}}, {"model": "cursos.visualizacion", "pk": 52, "fields": {"perfil": 2, "capitulo": 5, "minuto": 23.555032, "fecha": "2025-01-14T18:27:25.127Z"}}, {"model": "cursos.visualizacion", "pk": 53, "fields": {"perfil": 2, "capitulo": 1, "minuto": 729.510846, "fecha": "2025-01-14T18:27:42.050Z"}}, {"model": "cursos.visualizacion", "pk": 54, "fields": {"perfil": 2, "capitulo": 8, "minuto": 10.893468, "fecha": "2025-01-14T18:37:28.352Z"}}, {"model": "cursos.visualizacion", "pk": 55, "fields": {"perfil": 2, "capitulo": 2, "minuto": 433.316392, "fecha": "2025-01-14T18:47:27.859Z"}}, {"model": "cursos.visualizacion", "pk": 56, "fields": {"perfil": 2, "capitulo": 8, "minuto": 10.893468, "fecha": "2025-01-14T18:48:56.072Z"}}, {"model": "cursos.visualizacion", "pk": 57, "fields": {"perfil": 2, "capitulo": 9, "minuto": 735.543146, "fecha": "2025-01-14T18:49:48.720Z"}}, {"model": "cursos.visualizacion", "pk": 58, "fields": {"perfil": 2, "capitulo": 3, "minuto": 53.078863, "fecha": "2025-01-14T20:11:29.354Z"}}, {"model": "cursos.visualizacion", "pk": 59, "fields": {"perfil": 2, "capitulo": 2, "minuto": 436.077885, "fecha": "2025-01-14T20:12:11.424Z"}}, {"model": "cursos.visualizacion", "pk": 60, "fields": {"perfil": 2, "capitulo": 1, "minuto": 732.641245, "fecha": "2025-01-14T20:13:18.492Z"}}, {"model": "cursos.visualizacion", "pk": 61, "fields": {"perfil": 2, "capitulo": 5, "minuto": 38.364843, "fecha": "2025-01-14T20:15:04.506Z"}}, {"model": "cursos.visualizacion", "pk": 62, "fields": {"perfil": 2, "capitulo": 1, "minuto": 739.130573, "fecha": "2025-01-14T20:15:18.525Z"}}, {"model": "cursos.visualizacion", "pk": 63, "fields": {"perfil": 2, "capitulo": 9, "minuto": 661.170369, "fecha": "2025-01-14T20:25:35.562Z"}}, {"model": "cursos.visualizacion", "pk": 64, "fields": {"perfil": 2, "capitulo": 2, "minuto": 439.505356, "fecha": "2025-01-14T20:27:07.346Z"}}, {"model": "cursos.visualizacion", "pk": 65, "fields": {"perfil": 2, "capitulo": 1, "minuto": 1167.504119, "fecha": "2025-01-14T20:30:14.590Z"}}, {"model": "cursos.visualizacion", "pk": 66, "fields": {"perfil": 2, "capitulo": 1, "minuto": 642.671375, "fecha": "2025-01-14T23:26:04.920Z"}}, {"model": "cursos.visualizacion", "pk": 67, "fields": {"perfil": 2, "capitulo": 1, "minuto": 649.586703, "fecha": "2025-01-14T23:26:18.813Z"}}, {"model": "cursos.visualizacion", "pk": 68, "fields": {"perfil": 2, "capitulo": 7, "minuto": 817.023658, "fecha": "2025-01-14T23:33:45.505Z"}}, {"model": "cursos.visualizacion", "pk": 69, "fields": {"perfil": 2, "capitulo": 11, "minuto": 11.501711, "fecha": "2025-01-14T23:41:56.516Z"}}, {"model": "cursos.visualizacion", "pk": 70, "fields": {"perfil": 2, "capitulo": 11, "minuto": 11.501711, "fecha": "2025-01-14T23:44:25.448Z"}}, {"model": "cursos.visualizacion", "pk": 71, "fields": {"perfil": 2, "capitulo": 3, "minuto": 54.503837, "fecha": "2025-01-15T03:27:30.852Z"}}, {"model": "cursos.visualizacion", "pk": 72, "fields": {"perfil": 1, "capitulo": 3, "minuto": 15.5147, "fecha": "2025-01-15T20:23:45.673Z"}}, {"model": "cursos.visualizacion", "pk": 73, "fields": {"perfil": 2, "capitulo": 7, "minuto": 787.780115, "fecha": "2025-01-17T07:19:47.549Z"}}, {"model": "cursos.visualizacion", "pk": 74, "fields": {"perfil": 2, "capitulo": 12, "minuto": 2.408475, "fecha": "2025-01-17T07:19:55.063Z"}}, {"model": "cursos.visualizacion", "pk": 75, "fields": {"perfil": 2, "capitulo": 1, "minuto": 649.586703, "fecha": "2025-01-17T07:20:25.324Z"}}, {"model": "cursos.visualizacion", "pk": 76, "fields": {"perfil": 2, "capitulo": 3, "minuto": 66.330238, "fecha": "2025-01-17T09:10:54.847Z"}}, {"model": "cursos.visualizacion", "pk": 77, "fields": {"perfil": 2, "capitulo": 1, "minuto": 418.769312, "fecha": "2025-01-17T09:11:13.836Z"}}, {"model": "cursos.visualizacion", "pk": 78, "fields": {"perfil": 1, "capitulo": 1, "minuto": 30.508004, "fecha": "2025-01-17T13:41:04.778Z"}}, {"model": "cursos.visualizacion", "pk": 79, "fields": {"perfil": 4, "capitulo": 1, "minuto": 270.503601, "fecha": "2025-01-17T14:35:31.185Z"}}, {"model": "cursos.visualizacion", "pk": 80, "fields": {"perfil": 4, "capitulo": 1, "minuto": 270.503601, "fecha": "2025-01-17T14:43:55.176Z"}}, {"model": "cursos.visualizacion", "pk": 81, "fields": {"perfil": 4, "capitulo": 1, "minuto": 281.030079, "fecha": "2025-01-17T14:44:14.700Z"}}, {"model": "cursos.visualizacion", "pk": 82, "fields": {"perfil": 4, "capitulo": 2, "minuto": 1.501186, "fecha": "2025-01-17T14:46:11.820Z"}}, {"model": "cursos.visualizacion", "pk": 83, "fields": {"perfil": 4, "capitulo": 3, "minuto": 0.0, "fecha": "2025-01-17T14:46:25.608Z"}}, {"model": "cursos.visualizacion", "pk": 84, "fields": {"perfil": 4, "capitulo": 5, "minuto": 0.0, "fecha": "2025-01-17T14:46:57.718Z"}}, {"model": "cursos.visualizacion", "pk": 85, "fields": {"perfil": 4, "capitulo": 5, "minuto": 6.517382, "fecha": "2025-01-17T14:51:00.359Z"}}, {"model": "cursos.visualizacion", "pk": 86, "fields": {"perfil": 1, "capitulo": 1, "minuto": 116.829729, "fecha": "2025-02-01T19:09:20.425Z"}}, {"model": "cursos.visualizacion", "pk": 87, "fields": {"perfil": 13, "capitulo": 1, "minuto": 2.51573, "fecha": "2025-02-12T19:03:52.826Z"}}, {"model": "cursos.visualizacion", "pk": 88, "fields": {"perfil": 13, "capitulo": 1, "minuto": 6.502472, "fecha": "2025-02-12T19:08:21.596Z"}}, {"model": "cursos.visualizacion", "pk": 89, "fields": {"perfil": 13, "capitulo": 11, "minuto": 1.507935, "fecha": "2025-02-12T22:49:26.835Z"}}, {"model": "cursos.visualizacion", "pk": 90, "fields": {"perfil": 13, "capitulo": 9, "minuto": 3.512469, "fecha": "2025-02-13T01:23:35.831Z"}}, {"model": "cursos.visualizacion", "pk": 91, "fields": {"perfil": 13, "capitulo": 9, "minuto": 3.512469, "fecha": "2025-02-13T01:27:04.393Z"}}, {"model": "cursos.visualizacion", "pk": 92, "fields": {"perfil": 13, "capitulo": 1, "minuto": 6.502472, "fecha": "2025-02-14T19:40:43.522Z"}}, {"model": "cursos.visualizacion", "pk": 93, "fields": {"perfil": 17, "capitulo": 1, "minuto": 5.508106, "fecha": "2025-02-14T22:56:59.124Z"}}, {"model": "cursos.visualizacion", "pk": 94, "fields": {"perfil": 13, "capitulo": 11, "minuto": 5.589773, "fecha": "2025-02-15T22:09:19.683Z"}}, {"model": "cursos.visualizacion", "pk": 95, "fields": {"perfil": 13, "capitulo": 1, "minuto": 10.511294, "fecha": "2025-02-15T22:10:09.943Z"}}, {"model": "cursos.visualizacion", "pk": 96, "fields": {"perfil": 13, "capitulo": 1, "minuto": 15.617381, "fecha": "2025-02-15T22:12:24.238Z"}}, {"model": "cursos.visualizacion", "pk": 97, "fields": {"perfil": 13, "capitulo": 1, "minuto": 18.006049, "fecha": "2025-02-15T23:22:16.780Z"}}, {"model": "cursos.visualizacion", "pk": 98, "fields": {"perfil": 13, "capitulo": 1, "minuto": 20.528423, "fecha": "2025-02-15T23:22:30.128Z"}}, {"model": "cursos.visualizacion", "pk": 99, "fields": {"perfil": 13, "capitulo": 7, "minuto": 1.509711, "fecha": "2025-02-17T12:09:03.833Z"}}, {"model": "cursos.visualizacion", "pk": 100, "fields": {"perfil": 19, "capitulo": 1, "minuto": 673.509772, "fecha": "2025-02-17T23:05:52.723Z"}}, {"model": "cursos.visualizacion", "pk": 101, "fields": {"perfil": 19, "capitulo": 1, "minuto": 705.290523, "fecha": "2025-02-17T23:07:16.081Z"}}, {"model": "cursos.visualizacion", "pk": 102, "fields": {"perfil": 19, "capitulo": 1, "minuto": 4.508425, "fecha": "2025-02-26T19:59:57.963Z"}}, {"model": "cursos.visualizacion", "pk": 103, "fields": {"perfil": 19, "capitulo": 1, "minuto": 2.514926, "fecha": "2025-02-26T20:04:13.914Z"}}, {"model": "cursos.visualizacion", "pk": 104, "fields": {"perfil": 19, "capitulo": 1, "minuto": 2.514926, "fecha": "2025-02-26T20:05:54.542Z"}}, {"model": "cursos.visualizacion", "pk": 105, "fields": {"perfil": 19, "capitulo": 1, "minuto": 1102.509462, "fecha": "2025-02-26T20:20:27.090Z"}}, {"model": "cursos.visualizacion", "pk": 106, "fields": {"perfil": 19, "capitulo": 1, "minuto": 1102.509462, "fecha": "2025-02-26T20:21:11.990Z"}}, {"model": "cursos.visualizacion", "pk": 107, "fields": {"perfil": 19, "capitulo": 1, "minuto": 1109.508527, "fecha": "2025-02-26T20:24:28.025Z"}}, {"model": "cursos.visualizacion", "pk": 108, "fields": {"perfil": 6, "capitulo": 1, "minuto": 7.505702, "fecha": "2025-02-27T00:33:46.718Z"}}, {"model": "cursos.visualizacion", "pk": 109, "fields": {"perfil": 19, "capitulo": 1, "minuto": 2152.514772, "fecha": "2025-02-27T13:58:39.697Z"}}, {"model": "cursos.visualizacion", "pk": 110, "fields": {"perfil": 19, "capitulo": 1, "minuto": 2152.512919, "fecha": "2025-02-27T14:00:54.272Z"}}, {"model": "cursos.visualizacion", "pk": 111, "fields": {"perfil": 19, "capitulo": 2, "minuto": 2060.506466, "fecha": "2025-02-27T14:17:13.369Z"}}, {"model": "cursos.visualizacion", "pk": 112, "fields": {"perfil": 19, "capitulo": 2, "minuto": 2120.516892, "fecha": "2025-02-27T14:19:08.701Z"}}, {"model": "cursos.visualizacion", "pk": 113, "fields": {"perfil": 19, "capitulo": 3, "minuto": 1.845441, "fecha": "2025-02-27T14:22:35.702Z"}}, {"model": "cursos.visualizacion", "pk": 114, "fields": {"perfil": 19, "capitulo": 3, "minuto": 82.513, "fecha": "2025-02-27T14:24:33.508Z"}}, {"model": "cursos.visualizacion", "pk": 115, "fields": {"perfil": 19, "capitulo": 3, "minuto": 82.513, "fecha": "2025-02-27T14:30:04.207Z"}}, {"model": "cursos.visualizacion", "pk": 116, "fields": {"perfil": 19, "capitulo": 3, "minuto": 664.512189, "fecha": "2025-02-27T14:44:39.410Z"}}, {"model": "cursos.visualizacion", "pk": 117, "fields": {"perfil": 19, "capitulo": 3, "minuto": 705.503868, "fecha": "2025-02-27T14:46:11.357Z"}}, {"model": "cursos.visualizacion", "pk": 118, "fields": {"perfil": 19, "capitulo": 3, "minuto": 705.503868, "fecha": "2025-02-27T14:46:43.837Z"}}, {"model": "cursos.visualizacion", "pk": 119, "fields": {"perfil": 19, "capitulo": 3, "minuto": 2739.516251, "fecha": "2025-02-27T15:06:53.170Z"}}, {"model": "cursos.visualizacion", "pk": 120, "fields": {"perfil": 19, "capitulo": 6, "minuto": 1383.512574, "fecha": "2025-02-27T16:11:28.961Z"}}, {"model": "cursos.visualizacion", "pk": 121, "fields": {"perfil": 19, "capitulo": 6, "minuto": 1388.515577, "fecha": "2025-02-27T16:12:33.453Z"}}, {"model": "cursos.visualizacion", "pk": 122, "fields": {"perfil": 19, "capitulo": 6, "minuto": 2049.504839, "fecha": "2025-02-27T16:15:03.227Z"}}, {"model": "cursos.visualizacion", "pk": 123, "fields": {"perfil": 19, "capitulo": 6, "minuto": 2093.516016, "fecha": "2025-02-27T16:17:41.177Z"}}, {"model": "cursos.visualizacion", "pk": 124, "fields": {"perfil": 19, "capitulo": 6, "minuto": 1389.505789, "fecha": "2025-02-27T18:41:12.393Z"}}, {"model": "cursos.visualizacion", "pk": 125, "fields": {"perfil": 19, "capitulo": 6, "minuto": 2012.50114, "fecha": "2025-02-27T18:41:40.051Z"}}, {"model": "cursos.visualizacion", "pk": 126, "fields": {"perfil": 19, "capitulo": 6, "minuto": 656.3, "fecha": "2025-02-27T18:43:10.828Z"}}, {"model": "cursos.visualizacion", "pk": 127, "fields": {"perfil": 13, "capitulo": 6, "minuto": 2.50778, "fecha": "2025-02-27T18:44:53.555Z"}}, {"model": "cursos.visualizacion", "pk": 128, "fields": {"perfil": 19, "capitulo": 6, "minuto": 1388.500222, "fecha": "2025-02-27T18:47:40.106Z"}}, {"model": "cursos.visualizacion", "pk": 129, "fields": {"perfil": 19, "capitulo": 6, "minuto": 1388.500222, "fecha": "2025-02-27T19:04:52.857Z"}}, {"model": "cursos.visualizacion", "pk": 130, "fields": {"perfil": 19, "capitulo": 6, "minuto": 2068.503364, "fecha": "2025-02-27T22:29:26.322Z"}}, {"model": "cursos.visualizacion", "pk": 131, "fields": {"perfil": 19, "capitulo": 6, "minuto": 2208.504446, "fecha": "2025-02-27T22:31:37.535Z"}}]